{"0": [[0.9042778015136719, -0.018391311168670654, 0.4265482723712921, 1.109025528176298], [0.4269445836544037, 0.03895318880677223, -0.9034383893013, -2.3489398845546083], [-0.0, 0.9990717172622681, 0.04307657480239868, 0.11199909196893487], [0.0, 0.0, 0.0, 1.0]], "1": [[0.8660253882408142, -0.1710100620985031, 0.46984630823135376, 1.2216003891362013], [0.4999999701976776, 0.29619812965393066, -0.8137977123260498, -2.115873988535818], [-0.0, 0.9396926164627075, 0.3420201539993286, 0.889252356701859], [0.0, 0.0, 0.0, 1.0]], "2": [[-0.0, 0.1736481785774231, 0.9848077297210693, 2.5605001559045633], [1.0, 0.0, 0.0, 0.0], [0.0, 0.9848077297210693, -0.1736481785774231, -0.4514852728635858], [0.0, 0.0, 0.0, 1.0]], "3": [[-0.8660253882408142, -0.1710100620985031, 0.46984630823135376, 1.2216003891362013], [0.4999999701976776, -0.29619812965393066, 0.8137977123260498, 2.115873988535818], [0.0, 0.9396926164627075, 0.3420201539993286, 0.889252356701859], [0.0, 0.0, 0.0, 1.0]], "4": [[-0.8660253882408142, -0.08682409673929214, -0.49240389466285706, -1.2802501092863323], [-0.5, 0.15038374066352844, 0.8528685569763184, 2.217458161066795], [0.0, 0.9848077297210693, -0.1736481934785843, -0.45148528391366316], [0.0, 0.0, 0.0, 1.0]], "5": [[-1.2246467202362698e-16, 0.3420201539993286, -0.9396926164627075, -2.4432008149835402], [-1.0, -4.1885385503753577e-17, 1.1507915352850032e-16, 2.992057984416276e-16], [0.0, 0.9396926164627075, 0.3420201539993286, 0.8892523700636202], [0.0, 0.0, 0.0, 1.0]], "6": [[0.8660253882408142, -0.08682409673929214, -0.49240389466285706, -1.2802501092863323], [-0.5, -0.15038374066352844, -0.8528685569763184, -2.217458161066795], [0.0, 0.9848077297210693, -0.1736481934785843, -0.45148528391366316], [0.0, 0.0, 0.0, 1.0]]}